"","No_data","5_months","No_data","5_months"
"No_data",1,0.85348996214099,NA,0.000103345569062885
"5_months",0.85348996214099,1,0.000103345569062885,NA
