"","other","preoligo","other","preoligo"
"other",1,0.870260671768993,NA,5.17622137257145e-05
"preoligo",0.870260671768993,1,5.17622137257145e-05,NA
