"","other","myeoligo","other","myeoligo"
"other",1,0.617003791795687,NA,2.33146835171283e-14
"myeoligo",0.617003791795687,1,2.33146835171283e-14,NA
