"","No_data","5_months","No_data","5_months"
"No_data",1,0.619998010105152,NA,1.59872115546023e-14
"5_months",0.619998010105152,1,1.59872115546023e-14,NA
