"","meanx","meany","tvalue","FC","logFC","pvalue","Contrast","adj.P.Val"
"Retnla",5.54583307684182,5430.6079575799,-5.35029155934924,979.22311803017,9.9354938081339,0.00136449749562231,"microgliaBYo",0.00437806788914465
"Ccl24",10.0931264216965,1800.29927320076,-4.57363269350963,178.368842119205,7.47871981374382,0.00272120576706028,"microgliaBYo",0.00741394521978751
"Pf4",511.670748479523,26148.2474743601,-4.12379641942181,51.1036590464904,5.67535468740517,0.00253959750765315,"microgliaBYo",0.00704849023482758
"2010008C14Rik",45.9399328838928,1042.4150188513,-3.43415280559435,22.6908258983718,4.50403721592056,0.00826094244719208,"microgliaBYo",0.0178892746436208
"Ltc4s",102.400882202164,1942.33178658115,-4.21015157629398,18.9679204398506,4.24548961150857,0.00203722707668585,"microgliaBYo",0.00593645608766083
"Alox5ap",40.6758751489478,281.293660360467,-2.85421948249912,6.91549129134701,2.78983174716935,0.0180615923967767,"microgliaBYo",0.0337394755208892
"Mt1",465.013672984319,2571.81383943963,-3.85698348057461,5.53061982658381,2.46744117496782,0.0019245734426627,"microgliaBYo",0.0056929186083737
"Epha2",9.47319353591337,50.1528075171518,-8.46886690687091,5.29418166397846,2.40440770016466,8.73802959568737e-09,"microgliaBYo",1.95392091958386e-06
