"","No_data","5_months","No_data","5_months"
"No_data",1,0.466319170150457,NA,2.62012633811537e-14
"5_months",0.466319170150457,1,2.62012633811537e-14,NA
