"","No_data","5_months","No_data","5_months"
"No_data",1,0.404379921165214,NA,1.50073308224918e-07
"5_months",0.404379921165214,1,1.50073308224918e-07,NA
